name,size(MB),last_modified
2020/5/11/13:34:39.6161119/c370fd0bb863427db3fb0ba75b20d55a/GatewayTenantWorker_IN_0.zip,0.0005121231079101562,2020-05-11 13:34:39+00:00
2020/5/11/13:37:29.5701233/c370fd0bb863427db3fb0ba75b20d55a/GatewayTenantWorker_IN_0.zip,0.0005121231079101562,2020-05-11 13:37:29+00:00
2020/5/11/13:40:00.3065459/c370fd0bb863427db3fb0ba75b20d55a/GatewayTenantWorker_IN_0.zip,0.000335693359375,2020-05-11 13:40:00+00:00
2020/5/11/13:44:09.6463909/c370fd0bb863427db3fb0ba75b20d55a/GatewayTenantWorker_IN_0.zip,0.0003261566162109375,2020-05-11 13:44:09+00:00
202007/202007/aaa.txt,0.0,2020-07-14 02:21:09+00:00
202007/202007/bbb.txt,0.0,2020-07-14 02:21:09+00:00
202007/aaa.txt,0.0,2020-07-28 23:59:03+00:00
202007/bbb.txt,0.0,2020-07-28 23:59:03+00:00
42F624F2-BF47-4AC2-B207-51183F2F2143.jpeg,0.021358489990234375,2020-08-26 00:35:26+00:00
AzureAD.zip,7.47714900970459,2020-12-03 05:55:11+00:00
DWH/$formatted_date/AN/SL01HR_202001.txt,1.049041748046875e-05,2019-11-12 08:19:22+00:00
DWH/$formatted_date/AN/SL02HR_202002.txt,1.049041748046875e-05,2019-11-12 08:19:22+00:00
DWH/$formatted_date/AN/SL03HR_202003.txt,1.049041748046875e-05,2019-11-12 08:19:22+00:00
DWH/$formatted_date/IN/SL11HR_202001.txt,1.049041748046875e-05,2019-11-12 08:19:22+00:00
DWH/$formatted_date/IN/SL12HR_202002.txt,1.049041748046875e-05,2019-11-12 08:19:22+00:00
DWH/$formatted_date/IN/SL13HR_202003.txt,1.049041748046875e-05,2019-11-12 08:19:22+00:00
DWH/$formatted_date/KN/SL31HR_202001.txt,1.049041748046875e-05,2019-11-12 08:19:22+00:00
DWH/$formatted_date/KN/SL32HR_202002.txt,1.049041748046875e-05,2019-11-12 08:19:22+00:00
DWH/$formatted_date/KN/SL33HR_202003.txt,1.049041748046875e-05,2019-11-12 08:19:22+00:00
DWH/(Get-Date).ToString(yyyyMMdd)/AN/SL01HR_202001.txt,1.049041748046875e-05,2019-11-12 08:57:52+00:00
DWH/(Get-Date).ToString(yyyyMMdd)/AN/SL02HR_202002.txt,1.049041748046875e-05,2019-11-12 08:57:52+00:00
DWH/(Get-Date).ToString(yyyyMMdd)/AN/SL03HR_202003.txt,1.049041748046875e-05,2019-11-12 08:57:52+00:00
DWH/(Get-Date).ToString(yyyyMMdd)/IN/SL11HR_202001.txt,1.049041748046875e-05,2019-11-12 08:57:54+00:00
DWH/(Get-Date).ToString(yyyyMMdd)/IN/SL12HR_202002.txt,1.049041748046875e-05,2019-11-12 08:57:52+00:00
DWH/(Get-Date).ToString(yyyyMMdd)/IN/SL13HR_202003.txt,1.049041748046875e-05,2019-11-12 08:57:52+00:00
DWH/(Get-Date).ToString(yyyyMMdd)/KN/SL31HR_202001.txt,1.049041748046875e-05,2019-11-12 08:57:52+00:00
DWH/(Get-Date).ToString(yyyyMMdd)/KN/SL32HR_202002.txt,1.049041748046875e-05,2019-11-12 08:57:52+00:00
DWH/(Get-Date).ToString(yyyyMMdd)/KN/SL33HR_202003.txt,1.049041748046875e-05,2019-11-12 08:57:52+00:00
DWH/20191112/AN/SL01HR_202001.txt,1.049041748046875e-05,2019-11-12 08:52:27+00:00
DWH/20191112/AN/SL02HR_202002.txt,1.049041748046875e-05,2019-11-12 08:52:27+00:00
DWH/20191112/AN/SL03HR_202003.txt,1.049041748046875e-05,2019-11-12 08:52:27+00:00
DWH/20191112/IN/SL11HR_202001.txt,1.049041748046875e-05,2019-11-12 08:52:27+00:00
DWH/20191112/IN/SL12HR_202002.txt,1.049041748046875e-05,2019-11-12 08:52:27+00:00
DWH/20191112/IN/SL13HR_202003.txt,1.049041748046875e-05,2019-11-12 08:52:27+00:00
DWH/20191112/KN/SL31HR_202001.txt,1.049041748046875e-05,2019-11-12 08:52:27+00:00
DWH/20191112/KN/SL33HR_202003.txt,1.049041748046875e-05,2019-11-12 08:52:27+00:00
DWH/20191211/AN/SL01HR_202001.txt,1.049041748046875e-05,2019-11-12 09:25:21+00:00
DWH/20191211/AN/SL02HR_202002.txt,1.049041748046875e-05,2019-11-12 09:25:21+00:00
DWH/20191211/AN/SL03HR_202003.txt,1.049041748046875e-05,2019-11-12 09:25:21+00:00
DWH/20191211/IN/SL11HR_202001.txt,1.049041748046875e-05,2019-11-12 09:25:21+00:00
DWH/20191211/IN/SL12HR_202002.txt,1.049041748046875e-05,2019-11-12 09:25:21+00:00
DWH/20191211/IN/SL13HR_202003.txt,1.049041748046875e-05,2019-11-12 09:25:21+00:00
DWH/20191211/KN/SL31HR_202001.txt,1.049041748046875e-05,2019-11-12 09:25:21+00:00
DWH/20191211/KN/SL32HR_202002.txt,1.049041748046875e-05,2019-11-12 09:25:21+00:00
DWH/20191211/KN/SL33HR_202003.txt,1.049041748046875e-05,2019-11-12 09:25:21+00:00
DWH/20191311/SL01HRAN.csv.bk1.gz,1.049041748046875e-05,2019-11-13 11:06:38+00:00
DWH/20191311/SL02HRAN.csv.bk1.gz,1.049041748046875e-05,2019-11-13 11:06:38+00:00
DWH/20191311/SL11HRIN.csv.bk1.gz,1.049041748046875e-05,2019-11-13 11:06:38+00:00
DWH/20191311/SL12HRIN.csv.bk1.gz,1.049041748046875e-05,2019-11-13 11:06:38+00:00
DWH/20191311/SL13HRIN.csv.bk1.gz,1.049041748046875e-05,2019-11-13 11:06:38+00:00
DWH/20191311/SL31HRKN.csv.bk1.gz,1.049041748046875e-05,2019-11-13 11:06:38+00:00
DWH/20191311/SL32HRKN.csv.bk1.gz,1.049041748046875e-05,2019-11-13 11:06:38+00:00
DWH/20191311/SL33HRKN.csv.bk1.gz,1.049041748046875e-05,2019-11-13 11:06:38+00:00
DWH/20202701/SL01HRAN.csv.bk1.gz,1.049041748046875e-05,2020-01-27 02:17:00+00:00
DWH/20202701/SL02HRAN.csv.bk1.gz,1.049041748046875e-05,2020-01-27 02:17:00+00:00
DWH/20202701/SL11HRIN.csv.bk1.gz,1.049041748046875e-05,2020-01-27 02:17:00+00:00
DWH/20202701/SL12HRIN.csv.bk1.gz,1.049041748046875e-05,2020-01-27 02:17:00+00:00
DWH/20202701/SL13HRIN.csv.bk1.gz,1.049041748046875e-05,2020-01-27 02:17:00+00:00
DWH/20202701/SL31HRKN.csv.bk1.gz,1.049041748046875e-05,2020-01-27 02:17:00+00:00
DWH/20202701/SL32HRKN.csv.bk1.gz,1.049041748046875e-05,2020-01-27 02:17:00+00:00
DWH/20202701/SL33HRKN.csv.bk1.gz,1.049041748046875e-05,2020-01-27 02:17:00+00:00
DWH/AN/SL01HR_202001.txt,1.049041748046875e-05,2019-11-12 09:17:56+00:00
DWH/AN/SL02HR_202002.txt,1.049041748046875e-05,2019-11-12 09:17:56+00:00
DWH/AN/SL03HR_202003.txt,1.049041748046875e-05,2019-11-12 09:17:56+00:00
DWH/IN/SL11HR_202001.txt,1.049041748046875e-05,2019-11-12 09:17:56+00:00
DWH/IN/SL12HR_202002.txt,1.049041748046875e-05,2019-11-12 09:17:56+00:00
DWH/IN/SL13HR_202003.txt,1.049041748046875e-05,2019-11-12 09:17:56+00:00
DWH/KN/SL31HR_202001.txt,1.049041748046875e-05,2019-11-12 09:17:56+00:00
DWH/KN/SL32HR_202002.txt,1.049041748046875e-05,2019-11-12 09:17:56+00:00
DWH/KN/SL33HR_202003.txt,1.049041748046875e-05,2019-11-12 09:17:56+00:00
DWH/Tue 11/12/2019/AN/SL01HR_202001.txt,1.049041748046875e-05,2019-11-12 09:19:27+00:00
DWH/Tue 11/12/2019/AN/SL02HR_202002.txt,1.049041748046875e-05,2019-11-12 09:19:27+00:00
DWH/Tue 11/12/2019/AN/SL03HR_202003.txt,1.049041748046875e-05,2019-11-12 09:19:27+00:00
DWH/Tue 11/12/2019/IN/SL11HR_202001.txt,1.049041748046875e-05,2019-11-12 09:19:27+00:00
DWH/Tue 11/12/2019/IN/SL12HR_202002.txt,1.049041748046875e-05,2019-11-12 09:19:27+00:00
DWH/Tue 11/12/2019/IN/SL13HR_202003.txt,1.049041748046875e-05,2019-11-12 09:19:27+00:00
DWH/Tue 11/12/2019/KN/SL31HR_202001.txt,1.049041748046875e-05,2019-11-12 09:19:27+00:00
DWH/Tue 11/12/2019/KN/SL32HR_202002.txt,1.049041748046875e-05,2019-11-12 09:19:27+00:00
DWH/Tue 11/12/2019/KN/SL33HR_202003.txt,1.049041748046875e-05,2019-11-12 09:19:27+00:00
EA.zip,83.12564277648926,2021-12-09 03:32:32+00:00
FiddlerSetup.exe,6.343040466308594,2021-03-04 04:22:06+00:00
FiddlerSetup_Ver5.exe,6.336639404296875,2021-02-26 01:06:24+00:00
GW共通機能テーマ.zip,6.184795379638672,2021-03-18 00:17:30+00:00
I社ITトレーニー中間報告.pptx,25.655948638916016,2022-02-14 06:16:51+00:00
I社ITトレーニー最終報告.pptx,25.99210834503174,2022-05-23 22:29:01+00:00
MS100.zip,12.384861946105957,2020-07-31 08:34:56+00:00
MSOnline.zip,7.575133323669434,2020-12-03 05:55:27+00:00
MakeCreateTableFromDDL.exe,0.01513671875,2021-01-13 09:10:27+00:00
MakeCreateTableFromDDL.exe.config,0.0007028579711914062,2020-08-17 04:44:16+00:00
MaterialIcons.pptx,1.6534452438354492,2020-08-25 01:19:15+00:00
MicrosoftTeams.zip,5.267951965332031,2021-03-02 01:02:18+00:00
OneDrive_1_2021-3-30.zip,66.37706279754639,2021-03-30 02:24:41+00:00
OneDrive_2_2021-3-30.zip,34.34885597229004,2021-03-30 02:31:11+00:00
Release.zip,6.471953392028809,2021-01-26 08:38:51+00:00
T_CCGROUP_TBL.ddl,0.004481315612792969,2021-05-13 09:27:28+00:00
UBU28L.zip,6.436601638793945,2020-10-27 07:49:19+00:00
UFN58L1E-04.pdf,12.525254249572754,2020-11-17 08:28:58+00:00
UFN58L1N-04.pdf,74.63088417053223,2020-11-17 08:29:04+00:00
VSCodeSetup-x64-1.51.1.exe,59.99613952636719,2020-12-03 04:28:48+00:00
Wi-Fi見積.pdf,0.8778200149536133,2021-04-09 04:31:38+00:00
Wireshark-win32-3.2.6.exe,52.401405334472656,2021-02-26 01:08:35+00:00
Wireshark-win64-3.2.6.exe,57.341644287109375,2021-02-26 01:08:34+00:00
aaa.zip,4.797238349914551,2021-03-11 08:17:31+00:00
azure_image_png-and-svg_2.6.zip,3.3335771560668945,2020-10-13 07:48:45+00:00
azuread.2.0.2.128.nupkg,7.515799522399902,2020-12-03 05:25:48+00:00
chromedriver_win32.zip,4.540270805358887,2021-01-25 08:15:42+00:00
ci-practice-master.zip,0.9359340667724609,2020-10-27 07:52:49+00:00
compare_.txt,0.7230014801025391,2021-03-18 08:48:52+00:00
coveragereport.zip,0.14297008514404297,2022-01-18 02:16:23+00:00
customize-ui.html,0.0005741119384765625,2021-03-17 23:49:23+00:00
customize-ui2.html,0.0005741119384765625,2021-04-05 07:41:52+00:00
data_platform_overview.pptx,13.116329193115234,2022-03-16 10:35:12+00:00
decode2020.zip,77.04394912719727,2020-06-29 23:45:02+00:00
fujisoft_idx.zip,5.527501106262207,2020-03-12 04:51:29+00:00
fujisoft_index.zip,0.9619522094726562,2020-03-12 04:36:45+00:00
fujisoft_office365.zip,0.07056713104248047,2020-03-12 06:06:50+00:00
fujisoft_office365_up.zip,0.07056713104248047,2020-07-02 06:29:02+00:00
gorestsimulation-20210630072007151.zip,0.34943294525146484,2021-09-13 22:55:05+00:00
msonline.1.1.183.57.nupkg,7.630218505859375,2020-12-03 05:25:49+00:00
newfile_.csv,0.011415481567382812,2021-03-16 01:09:36+00:00
newfile_.json,0.13984107971191406,2021-03-16 01:33:38+00:00
newfile_.txt,0.08015823364257812,2021-03-18 08:48:52+00:00
nkfwin.zip,0.8472871780395508,2020-09-11 06:25:16+00:00
passport.jpg,0.5747108459472656,2021-03-02 01:05:04+00:00
passport_photo.jpg,0.09702873229980469,2021-03-02 01:05:04+00:00
sample.csv,2.288818359375e-05,2020-07-01 02:30:16+00:00
test.pdf,0.11120223999023438,2020-10-13 00:43:49+00:00
test/AzureADB2C_調査.xlsx,2.0784950256347656,2021-04-21 05:07:10+00:00
test/customize-ui2.html,0.009194374084472656,2021-04-07 00:18:06+00:00
test/daidoLogo.png,0.049895286560058594,2021-04-15 04:33:45+00:00
test/default_signin_illustration_optimized.png,0.026032447814941406,2021-04-05 08:05:42+00:00
test/login.html,0.0016078948974609375,2021-04-14 07:42:01+00:00
test/login.js,0.0007839202880859375,2021-04-15 06:25:45+00:00
test/loginOrigin.html,0.00011539459228515625,2021-04-20 01:08:10+00:00
test/loginOrigin4.html,0.00029277801513671875,2021-04-14 10:08:15+00:00
test/sample.js,0.0011262893676757812,2021-04-20 00:35:41+00:00
test/sampleStudy01.html,0.023488998413085938,2021-04-15 06:41:58+00:00
test/sample_test.js,0.0011758804321289062,2021-04-20 02:25:57+00:00
test/signUpAndSignIn.html,0.0014820098876953125,2021-04-15 06:25:45+00:00
test/signUpAndSignIn_test.html,0.0014867782592773438,2021-04-20 02:25:57+00:00
test/study.css,0.00026988983154296875,2021-04-15 04:33:45+00:00
test/todo.css,0.00046539306640625,2021-04-14 07:40:00+00:00
test/todo1.css,0.00046539306640625,2021-04-14 09:39:18+00:00
test/todo2.css,0.00026988983154296875,2021-04-14 09:59:08+00:00
tools.zip,115.52937698364258,2021-02-26 01:10:30+00:00
vs_community__152548592.1582365319.exe,1.3435211181640625,2020-12-02 07:49:01+00:00
weinar25presentationppt1598424042850.pdf,2.983719825744629,2020-08-27 09:01:13+00:00
workspaceUFN58L.zip,2.663933753967285,2020-11-17 08:31:08+00:00
その他テーマ.zip,12.116270065307617,2021-03-18 00:17:32+00:00
アセスメント証跡（森田）.zip,1.3092460632324219,2020-11-18 00:30:55+00:00
フレームワークアプリUI.xlsx,0.2606172561645508,2021-05-12 09:02:25+00:00
ロジック抽出結果.xlsm,0.7663440704345703,2022-07-01 10:10:33+00:00
勉強会資料.pptx,26.19848918914795,2022-07-11 03:15:04+00:00
新しいフォルダー.zip,0.17533016204833984,2020-06-30 00:36:13+00:00
翻訳やり直し.txt,0.004088401794433594,2020-11-03 23:16:17+00:00
議事録翻訳.txt,0.013325691223144531,2021-01-14 23:12:09+00:00
＜タイトル考える＞.pptx,4.987421035766602,2021-03-11 08:16:08+00:00
ＰＭＯ.zip,88.33129024505615,2021-03-18 00:17:42+00:00
